{
	"info": {
		"_postman_id": "3bb63c09-179c-4899-a220-81e63e818dcf",
		"name": "ktor_cap12 despleguado en tomcat o docker",
		"schema": "https://schema.getpostman.com/json/collection/v2.1.0/collection.json",
		"_exporter_id": "22481179"
	},
	"item": [
		{
			"name": "ktor_cap12_autentificacion",
			"item": [
				{
					"name": "http://127.0.0.1:8080/autentificar",
					"request": {
						"auth": {
							"type": "digest",
							"digest": [
								{
									"key": "password",
									"value": "prueba1234",
									"type": "string"
								},
								{
									"key": "username",
									"value": "lcriadof",
									"type": "string"
								},
								{
									"key": "algorithm",
									"value": "MD5",
									"type": "string"
								}
							]
						},
						"method": "GET",
						"header": [],
						"url": {
							"raw": "http://127.0.0.1:8080/ktor-cap12-1.2/autentificar",
							"protocol": "http",
							"host": [
								"127",
								"0",
								"0",
								"1"
							],
							"port": "8080",
							"path": [
								"ktor-cap12-1.2",
								"autentificar"
							]
						}
					},
					"response": []
				}
			]
		},
		{
			"name": "ktor-cap12_sesiones",
			"item": [
				{
					"name": "login",
					"request": {
						"method": "GET",
						"header": [],
						"url": {
							"raw": "http://127.0.0.1:8080/ktor-cap12-1.2/login",
							"protocol": "http",
							"host": [
								"127",
								"0",
								"0",
								"1"
							],
							"port": "8080",
							"path": [
								"ktor-cap12-1.2",
								"login"
							]
						},
						"description": "login"
					},
					"response": []
				},
				{
					"name": "obtener sesion",
					"request": {
						"method": "GET",
						"header": [
							{
								"key": "cart_session",
								"value": "3ed0ac6c6d89c72e0a197ae3eb52fe0f/125b87c41364d506cf7938e90dde74ed2765f9825d9f4c6f4232b49453117735",
								"type": "text"
							}
						],
						"url": {
							"raw": "http://127.0.0.1:8080/ktor-cap12-1.2/infoSesion",
							"protocol": "http",
							"host": [
								"127",
								"0",
								"0",
								"1"
							],
							"port": "8080",
							"path": [
								"ktor-cap12-1.2",
								"infoSesion"
							]
						}
					},
					"response": []
				},
				{
					"name": "logout",
					"request": {
						"method": "GET",
						"header": [
							{
								"key": "cart_session",
								"value": "3ed0ac6c6d89c72e0a197ae3eb52fe0f/125b87c41364d506cf7938e90dde74ed2765f9825d9f4c6f4232b49453117735",
								"type": "text"
							}
						],
						"url": {
							"raw": "http://127.0.0.1:8080/ktor-cap12-1.2/logout",
							"protocol": "http",
							"host": [
								"127",
								"0",
								"0",
								"1"
							],
							"port": "8080",
							"path": [
								"ktor-cap12-1.2",
								"logout"
							]
						}
					},
					"response": []
				},
				{
					"name": "Numero de sesiones activas",
					"request": {
						"method": "GET",
						"header": [
							{
								"key": "",
								"value": "b73f9b7afe159520949f422fdff3810b/f54796f5fb22fa0d3ed32de55e8328daa184c66b3076e7062f7898ca3c95ee02",
								"type": "text",
								"disabled": true
							}
						],
						"url": {
							"raw": "http://127.0.0.1:8080/ktor-cap12-1.2/activas",
							"protocol": "http",
							"host": [
								"127",
								"0",
								"0",
								"1"
							],
							"port": "8080",
							"path": [
								"ktor-cap12-1.2",
								"activas"
							]
						}
					},
					"response": []
				},
				{
					"name": "Parar",
					"request": {
						"method": "GET",
						"header": [],
						"url": {
							"raw": "http://127.0.0.1:8080/ktor-cap12-1.2/parar",
							"protocol": "http",
							"host": [
								"127",
								"0",
								"0",
								"1"
							],
							"port": "8080",
							"path": [
								"ktor-cap12-1.2",
								"parar"
							]
						}
					},
					"response": []
				}
			]
		},
		{
			"name": "ktor-cap12_verbos",
			"item": [
				{
					"name": "Añadir infinitivo",
					"request": {
						"method": "PUT",
						"header": [],
						"body": {
							"mode": "raw",
							"raw": " {\r\n        \"verbo\": \"cantar\"\r\n }",
							"options": {
								"raw": {
									"language": "json"
								}
							}
						},
						"url": {
							"raw": "http://127.0.0.1:8080/ktor-cap12-1.2/verbo/add1",
							"protocol": "http",
							"host": [
								"127",
								"0",
								"0",
								"1"
							],
							"port": "8080",
							"path": [
								"",
								"ktor-cap12-1.2",
								"verbo",
								"add1"
							],
							"query": [
								{
									"key": "verb",
									"value": "cantar",
									"disabled": true
								}
							]
						}
					},
					"response": []
				},
				{
					"name": "Añadir infinitivo 2",
					"request": {
						"method": "PUT",
						"header": [],
						"body": {
							"mode": "raw",
							"raw": " {\r\n        \"verbo\": \"ser\"\r\n }",
							"options": {
								"raw": {
									"language": "json"
								}
							}
						},
						"url": {
							"raw": "http://127.0.0.1:8080/ktor-cap12-1.2/verbo/add1",
							"protocol": "http",
							"host": [
								"127",
								"0",
								"0",
								"1"
							],
							"port": "8080",
							"path": [
								"ktor-cap12-1.2",
								"verbo",
								"add1"
							],
							"query": [
								{
									"key": "verb",
									"value": "cantar",
									"disabled": true
								}
							]
						}
					},
					"response": []
				},
				{
					"name": "Conjugar",
					"request": {
						"method": "GET",
						"header": [],
						"url": {
							"raw": "http://127.0.0.1:8080/ktor-cap12-1.2/verbo/conjugar",
							"protocol": "http",
							"host": [
								"127",
								"0",
								"0",
								"1"
							],
							"port": "8080",
							"path": [
								"ktor-cap12-1.2",
								"verbo",
								"conjugar"
							]
						}
					},
					"response": []
				},
				{
					"name": "Borrar infinitivo",
					"request": {
						"method": "DELETE",
						"header": [],
						"body": {
							"mode": "raw",
							"raw": " {\r\n        \"verbo\": \"cantar\"\r\n }",
							"options": {
								"raw": {
									"language": "json"
								}
							}
						},
						"url": {
							"raw": "http://127.0.0.1:8080/ktor-cap12-1.2/verbo",
							"protocol": "http",
							"host": [
								"127",
								"0",
								"0",
								"1"
							],
							"port": "8080",
							"path": [
								"ktor-cap12-1.2",
								"verbo"
							],
							"query": [
								{
									"key": "verb",
									"value": "casar",
									"disabled": true
								}
							]
						}
					},
					"response": []
				}
			]
		}
	]
}